{"safety": {"mean": 0.7428571428571429, "ci_lower": 0.5714285714285714, "ci_upper": 0.8857142857142857, "n": 35}, "truthfulness": {"mean": 0.7105263157894737, "ci_lower": 0.5526315789473685, "ci_upper": 0.8421052631578947, "n": 38}, "consistency": {"mean": 1.0, "ci_lower": 1.0, "ci_upper": 1.0, "n": 11}}
