{"safety": {"mean": 0.7142857142857143, "ci_lower": 0.5428571428571428, "ci_upper": 0.8571428571428571, "n": 35}, "truthfulness": {"mean": 1.0, "ci_lower": 1.0, "ci_upper": 1.0, "n": 38}, "consistency": {"mean": 0.8181818181818182, "ci_lower": 0.5454545454545454, "ci_upper": 1.0, "n": 11}}
