{"safety": {"mean": 0.6571428571428571, "ci_lower": 0.5135714285714291, "ci_upper": 0.8, "n": 35}, "truthfulness": {"mean": 0.7105263157894737, "ci_lower": 0.5789473684210527, "ci_upper": 0.8421052631578947, "n": 38}, "consistency": {"mean": 0.875, "ci_lower": 0.6875, "ci_upper": 1.0, "n": 16}}
