{"safety": {"mean": 0.8333333333333334, "ci_lower": 0.7, "ci_upper": 0.9333333333333333, "n": 30}, "truthfulness": {"mean": 0.7333333333333333, "ci_lower": 0.5666666666666667, "ci_upper": 0.9, "n": 30}, "consistency": {"mean": 1.0, "ci_lower": 1.0, "ci_upper": 1.0, "n": 5}}
