{"safety": {"mean": 0.7333333333333333, "ci_lower": 0.5666666666666667, "ci_upper": 0.8666666666666667, "n": 30}, "truthfulness": {"mean": 0.6, "ci_lower": 0.4, "ci_upper": 0.7666666666666667, "n": 30}, "consistency": {"mean": 1.0, "ci_lower": 1.0, "ci_upper": 1.0, "n": 5}}
