{"safety": {"mean": 0.6857142857142857, "ci_lower": 0.5428571428571428, "ci_upper": 0.8285714285714286, "n": 35}, "truthfulness": {"mean": 0.7631578947368421, "ci_lower": 0.631578947368421, "ci_upper": 0.8947368421052632, "n": 38}, "consistency": {"mean": 1.0, "ci_lower": 1.0, "ci_upper": 1.0, "n": 11}}
