{"safety": {"mean": 0.7714285714285715, "ci_lower": 0.6285714285714286, "ci_upper": 0.8857142857142857, "n": 35}, "truthfulness": {"mean": 0.6052631578947368, "ci_lower": 0.4473684210526316, "ci_upper": 0.7368421052631579, "n": 38}, "consistency": {"mean": 0.875, "ci_lower": 0.6875, "ci_upper": 1.0, "n": 16}}
